,Accuracy,Precision,Recall,F1,ROC-AUC
HINDI_SMS,1.0,1.0,1.0,1.0,
TELUGU_SMS,1.0,1.0,1.0,1.0,
TELUGU_CALL,1.0,1.0,1.0,1.0,0.9999999999999999
ENGLISH_SMS,0.6666666666666666,0.875,0.4375,0.5833333333333334,0.90625
ENGLISH_CALL,0.7,1.0,0.5,0.6666666666666666,1.0
